{"options":{"check_for_updates":true,"user_modified":null,"comment":null,"compatopts_for_requires":true,"compat_wrappedjsobject":false,"compat_metadata":false,"compat_foreach":false,"compat_powerful_this":null,"sandbox":null,"noframes":null,"unwrap":null,"run_at":null,"tab_types":null,"override":{"use_includes":[],"orig_includes":[],"merge_includes":true,"use_matches":[],"orig_matches":["*://*/*"],"merge_matches":true,"use_excludes":[],"orig_excludes":[],"merge_excludes":true,"use_connects":[],"orig_connects":[],"merge_connects":true,"use_blockers":[],"orig_run_at":"document-idle","orig_noframes":true}},"settings":{"enabled":true,"position":5},"meta":{"name":"all-search 全搜，搜索引擎快捷跳转，支持任意网站展示","uuid":"adbe4e59-d988-4f84-a664-bbd956511c2e","modified":1717558728047,"file_url":"https://update.greasyfork.org/scripts/397993/all-search%20%E5%85%A8%E6%90%9C%EF%BC%8C%E6%90%9C%E7%B4%A2%E5%BC%95%E6%93%8E%E5%BF%AB%E6%8D%B7%E8%B7%B3%E8%BD%AC%EF%BC%8C%E6%94%AF%E6%8C%81%E4%BB%BB%E6%84%8F%E7%BD%91%E7%AB%99%E5%B1%95%E7%A4%BA.user.js"}}