{"options":{"check_for_updates":true,"user_modified":null,"comment":null,"compatopts_for_requires":true,"compat_wrappedjsobject":false,"compat_metadata":false,"compat_foreach":false,"compat_powerful_this":null,"sandbox":"JavaScript","noframes":null,"unwrap":null,"run_at":null,"tab_types":null,"override":{"use_includes":[],"orig_includes":[],"merge_includes":true,"use_matches":[],"orig_matches":["*://github.com/*","*://hub.incept.pw/*","*://hub.nuaa.cf/*","*://hub.yzuu.cf/*","*://hub.scholar.rr.nu/*","*://dgithub.xyz/*","*://kkgithub.com/*"],"merge_matches":true,"use_excludes":[],"orig_excludes":[],"merge_excludes":true,"use_connects":[],"orig_connects":[],"merge_connects":true,"use_blockers":[],"orig_run_at":"document-end","orig_noframes":null}},"settings":{"enabled":false,"position":6},"meta":{"name":"Github 增强 - 高速下载","uuid":"787c8fea-9426-4a7d-871a-926b66db924d","modified":1714211199167,"file_url":"https://update.greasyfork.org/scripts/412245/Github%20%E5%A2%9E%E5%BC%BA%20-%20%E9%AB%98%E9%80%9F%E4%B8%8B%E8%BD%BD.user.js"}}