{"options":{"check_for_updates":true,"user_modified":null,"comment":null,"compatopts_for_requires":true,"compat_wrappedjsobject":false,"compat_metadata":false,"compat_foreach":false,"compat_powerful_this":null,"sandbox":null,"noframes":null,"unwrap":null,"run_at":null,"tab_types":null,"override":{"use_includes":[],"orig_includes":["*://*.csdn.net/*","*://*juejin.cn/*","*://*zhihu.com/*"],"merge_includes":true,"use_matches":[],"orig_matches":[],"merge_matches":true,"use_excludes":[],"orig_excludes":[],"merge_excludes":true,"use_connects":[],"orig_connects":[],"merge_connects":true,"use_blockers":[],"orig_run_at":"document-idle","orig_noframes":true}},"settings":{"enabled":false,"position":7},"meta":{"name":"⚡️ 掘金 ｜csdn ｜知乎 ｜ 独家UI排版 更方便您的阅读📖 去广告🪧 免登录复制 一键复制 去剪贴板劫持 持续更新 外链跳转 宽屏展示 不定期帮忙下载资源 ｜","uuid":"b05b36ca-7146-4014-b5f6-c6518ce91e1e","modified":1690468540833,"file_url":"https://greasyfork.org/scripts/451555-%E6%8E%98%E9%87%91-csdn-%E7%9F%A5%E4%B9%8E-%E7%8B%AC%E5%AE%B6ui%E6%8E%92%E7%89%88-%E6%9B%B4%E6%96%B9%E4%BE%BF%E6%82%A8%E7%9A%84%E9%98%85%E8%AF%BB-%E5%8E%BB%E5%B9%BF%E5%91%8A-%E5%85%8D%E7%99%BB%E5%BD%95%E5%A4%8D%E5%88%B6-%E4%B8%80%E9%94%AE%E5%A4%8D%E5%88%B6-%E5%8E%BB%E5%89%AA%E8%B4%B4%E6%9D%BF%E5%8A%AB%E6%8C%81-%E6%8C%81%E7%BB%AD%E6%9B%B4%E6%96%B0-%E5%A4%96%E9%93%BE%E8%B7%B3%E8%BD%AC-%E5%AE%BD%E5%B1%8F%E5%B1%95%E7%A4%BA-%E4%B8%8D%E5%AE%9A%E6%9C%9F%E5%B8%AE%E5%BF%99%E4%B8%8B%E8%BD%BD%E8%B5%84%E6%BA%90/code/%E2%9A%A1%EF%B8%8F%20%E6%8E%98%E9%87%91%20%EF%BD%9Ccsdn%20%EF%BD%9C%E7%9F%A5%E4%B9%8E%20%EF%BD%9C%20%E7%8B%AC%E5%AE%B6UI%E6%8E%92%E7%89%88%20%E6%9B%B4%E6%96%B9%E4%BE%BF%E6%82%A8%E7%9A%84%E9%98%85%E8%AF%BB%F0%9F%93%96%20%E5%8E%BB%E5%B9%BF%E5%91%8A%F0%9F%AA%A7%20%E5%85%8D%E7%99%BB%E5%BD%95%E5%A4%8D%E5%88%B6%20%E4%B8%80%E9%94%AE%E5%A4%8D%E5%88%B6%20%E5%8E%BB%E5%89%AA%E8%B4%B4%E6%9D%BF%E5%8A%AB%E6%8C%81%20%E6%8C%81%E7%BB%AD%E6%9B%B4%E6%96%B0%20%E5%A4%96%E9%93%BE%E8%B7%B3%E8%BD%AC%20%E5%AE%BD%E5%B1%8F%E5%B1%95%E7%A4%BA%20%E4%B8%8D%E5%AE%9A%E6%9C%9F%E5%B8%AE%E5%BF%99%E4%B8%8B%E8%BD%BD%E8%B5%84%E6%BA%90%20%EF%BD%9C.user.js"}}