{"ts":1717848874731,"data":{"ZhiHuC":"btrue","ZhiHuP":"bfalse","ZhihuRead":"bfalse","ZhihuSimilarQuestions":"bfalse","ZhihuRecommend":"bfalse","ZhihuQFooter":"bfalse","CsdnRadioC":"btrue","CsdnRadioP":"bfalse","CsdnAuthorInfo":"btrue","CsdnDirectory":"bfalse","CsdnSerch":"bfalse","CsdnAsideRank":"bfalse","CsdnHotPage":"bfalse","CsdnCategory":"bfalse","CsdnComments":"bfalse","CsdnNewNps":"bfalse","CsdnArchive":"bfalse","CsdnRecommend":"bfalse","CsdnpcCommentBox":"bfalse","CsdnblogExtensionBox":"bfalse","CsdntreeSkill":"bfalse","Csdn2top":"bfalse","CsdnSideToolbar":"bfalse","whiteBack":"bfalse","CSDNMenuHeight":"n350","JuejinTop":"bfalse","JuejinSuspended":"bfalse","JuejinAuthor":"btrue","JuejinSticky":"btrue","JuejinSidebar":"bfalse","JuejinNext-article":"bfalse","JuejinRelated":"bfalse","JuejinContainer":"bfalse","JuejinExtension-banner":"bfalse","JuejiCategory":"bfalse","JuejinComment":"bfalse","JuejinRecommended":"bfalse","JuejinMeiqia":"bfalse","JuejinLinks":"bfalse","JuejinSignin":"btrue","JuejinUserBlock":"bfalse","JuejinLinkBlock":"bfalse","JuejinAsideFoot":"bfalse"}}