{"options":{"check_for_updates":true,"user_modified":null,"comment":null,"compatopts_for_requires":true,"compat_wrappedjsobject":false,"compat_metadata":false,"compat_foreach":false,"compat_powerful_this":null,"sandbox":null,"noframes":null,"unwrap":null,"run_at":null,"tab_types":null,"override":{"use_includes":[],"orig_includes":["*//pan.baidu.com/disk/*"],"merge_includes":true,"use_matches":[],"orig_matches":[],"merge_matches":true,"use_excludes":[],"orig_excludes":[],"merge_excludes":true,"use_connects":[],"orig_connects":["tttt.ee","baidu.com","openapi.baidu.com","localhost"],"merge_connects":true,"use_blockers":[],"orig_run_at":"document-end","orig_noframes":null}},"settings":{"enabled":true,"position":9},"meta":{"name":"【TT助手】百度网盘工具箱直链解析 ——持续更新","uuid":"57daf4de-682e-4eaf-a3aa-37b4326aa992","modified":1698138823045,"file_url":"https://greasyfork.org/scripts/465078-tt%E5%8A%A9%E6%89%8B-%E7%99%BE%E5%BA%A6%E7%BD%91%E7%9B%98%E5%B7%A5%E5%85%B7%E7%AE%B1%E7%9B%B4%E9%93%BE%E8%A7%A3%E6%9E%90-%E6%8C%81%E7%BB%AD%E6%9B%B4%E6%96%B0/code/%E3%80%90TT%E5%8A%A9%E6%89%8B%E3%80%91%E7%99%BE%E5%BA%A6%E7%BD%91%E7%9B%98%E5%B7%A5%E5%85%B7%E7%AE%B1%E7%9B%B4%E9%93%BE%E8%A7%A3%E6%9E%90%20%E2%80%94%E2%80%94%E6%8C%81%E7%BB%AD%E6%9B%B4%E6%96%B0.user.js"}}