{"options":{"check_for_updates":true,"user_modified":null,"comment":null,"compatopts_for_requires":true,"compat_wrappedjsobject":false,"compat_metadata":false,"compat_foreach":false,"compat_powerful_this":null,"sandbox":null,"noframes":null,"unwrap":null,"run_at":null,"tab_types":null,"override":{"use_includes":[],"orig_includes":["*://settings.wandhi.com/*","*://m.youku.com/v*","*://m.youku.com/a*","*://v.youku.com/v_*","*://v.youku.com/pad_show*","*://*.iqiyi.com/v_*","*://*.iqiyi.com/w_*","*://*.iqiyi.com/a_*","*://*.iqiyi.com/adv*","*.iq.com/play/*","*://*.le.com/ptv/vplay/*","*v.qq.com/x/cover/*","*v.qq.com/x/page/*","*v.qq.com/*play*","*v.qq.com/cover*","*://*.tudou.com/listplay/*","*://*.tudou.com/albumplay/*","*://*.tudou.com/programs/view/*","*://*.tudou.com/v*","*://*.mgtv.com/b/*","*://film.sohu.com/album/*","*://tv.sohu.com/v/*","*://*.acfun.cn/v/*","*://*.bilibili.com/video/*","*://*.bilibili.com/anime/*","*://*.bilibili.com/bangumi/play/*","*://*.pptv.com/show/*","*://*.baofeng.com/play/*","*://*.wasu.cn/Play/show*","*://v.yinyuetai.com/video/*","*://v.yinyuetai.com/playlist/*","*://*.wasu.cn/Play/show/*","*://music.taihe.com/song*","*://music.163.com/song*","*://music.163.com/m/song*","*://y.qq.com/*","*://*.kugou.com/*","*://*.kuwo.cn/*","*://*.xiami.com/*","*://music.taihe.com/*","*://*.1ting.com/player*","*://www.qingting.fm/*","*://www.lizhi.fm/*","*://music.migu.cn/*","*://www.shangxueba.com/ask/*.html","*://www.ximalaya.com/*","*://www.shangxueba.com/ask/*.html","*://pan.baidu.com/disk/home*","*://yun.baidu.com/disk/home*","*://pan.baidu.com/s/*","*://yun.baidu.com/s/*","*://pan.baidu.com/share/link*","*://yun.baidu.com/share/link*","*://wenku.baidu.com/view/*","*blog.csdn.net/*","*download.csdn.net/*","*c.pc.qq.com/middlem*","*pan.baidu.com/disk/main*","*://link.csdn.net/*","*://link.zhihu.com/*","*://browser.gwdang.com/*","*www.jianshu.com/go-wild*","*://*gitee.com/link*","*://*juejin.cn/?target*","*://www.aliyundrive.com/drive*","*://www.alipan.com/drive/*","*://*.youtube.com/watch?v=*","*://support.qq.com/products*","*://weibo.cn/sinaurl*","*://afdian.net/link*","*://*oschina.net/action/GoToLink*","*://jump2.bdimg.com/safecheck*","*://www.douban.com/link2/?url*","*://link.17173.com*","*://search.suning.com/*","*://pan.quark.cn/*","*://docs.qq.com/scenario/link*","*://mail.qq.com/cgi-bin/readtemplate*","*://cloud.tencent.com/developer/tools/blog-entry*","*://link.uisdc.com/*"],"merge_includes":true,"use_matches":[],"orig_matches":["*://c.pc.qq.com/ios*","*://www.v2ex.com/t/*","*://*.nodeseek.com/jump*","*://*.zhihu.com/question*","*://www.baidu.com/*","*://www.google.com/*","*://www.sogou.com/*","*://www.so.com/s*","*://cn.bing.com/search*","*://sspai.com/link*","*://*.kdocs.cn/office/link*","*://ispacesoft.com/*.html","*://tv.wandhi.com/go.html*","*://*.xiaohongshu.com/explore*","*://www.yuque.com/r/goto*","*://blog.51cto.com/transfer*","*://r.wjx.com/redirect.aspx*","*://www.infoq.cn/link*","*://open.work.weixin.qq.com/wwopen/uriconfirm?uri="],"merge_matches":true,"use_excludes":[],"orig_excludes":["*://tv.wandhi.com/*","*://vip.wandhi.com/*"],"merge_excludes":true,"use_connects":[],"orig_connects":["api.wandhi.com","api.huizhek.com","cdn.jsdelivr.net","tool.manmanbuy.com","gwdang.com","scriptcat.org","quark.cn","openapi.baidu.com","localhost","pan.baidu.com","api.bilibili.com"],"merge_connects":true,"use_blockers":[],"orig_run_at":"document-end","orig_noframes":null}},"settings":{"enabled":false,"position":15},"meta":{"name":"【玩的嗨】VIP工具箱,夸克网盘直链批量获取,全网VIP视频免费破解去广告,获取B站封面,下载B站视频等众多功能聚合 长期更新，放心使用","uuid":"494a94eb-6a98-4f91-bfe7-bd05343d6f68","modified":1714738687349,"file_url":"https://update.greasyfork.org/scripts/384538/%E3%80%90%E7%8E%A9%E7%9A%84%E5%97%A8%E3%80%91VIP%E5%B7%A5%E5%85%B7%E7%AE%B1%2C%E5%A4%B8%E5%85%8B%E7%BD%91%E7%9B%98%E7%9B%B4%E9%93%BE%E6%89%B9%E9%87%8F%E8%8E%B7%E5%8F%96%2C%E5%85%A8%E7%BD%91VIP%E8%A7%86%E9%A2%91%E5%85%8D%E8%B4%B9%E7%A0%B4%E8%A7%A3%E5%8E%BB%E5%B9%BF%E5%91%8A%2C%E8%8E%B7%E5%8F%96B%E7%AB%99%E5%B0%81%E9%9D%A2%2C%E4%B8%8B%E8%BD%BDB%E7%AB%99%E8%A7%86%E9%A2%91%E7%AD%89%E4%BC%97%E5%A4%9A%E5%8A%9F%E8%83%BD%E8%81%9A%E5%90%88%20%E9%95%BF%E6%9C%9F%E6%9B%B4%E6%96%B0%EF%BC%8C%E6%94%BE%E5%BF%83%E4%BD%BF%E7%94%A8.user.js"}}