{"options":{"check_for_updates":true,"user_modified":null,"comment":null,"compatopts_for_requires":true,"compat_wrappedjsobject":false,"compat_metadata":false,"compat_foreach":false,"compat_powerful_this":null,"sandbox":null,"noframes":null,"unwrap":null,"run_at":null,"tab_types":null,"override":{"use_includes":[],"orig_includes":[],"merge_includes":true,"use_matches":[],"orig_matches":["*://*.youku.com/*","*://*.iqiyi.com/*","*://*.iq.com/*","*://*.le.com/*","*://v.qq.com/*","*://m.v.qq.com/*","*://3g.v.qq.com/*","*://*.tudou.com/*","*://*.mgtv.com/*","*://tv.sohu.com/*","*://*.1905.com/*","*://film.sohu.com/*","*://*.bilibili.com/*","*://*.pptv.com/*","*://item.taobao.com/*","*://s.taobao.com/*","*://chaoshi.detail.tmall.com/*","*://detail.tmall.com/*","*://detail.tmall.hk/*","*://item.jd.com/*","*://*.yiyaojd.com/*","*://npcitem.jd.hk/*","*://*.liangxinyao.com/*","*://music.163.com/*","*://y.qq.com/*","*://*.kugou.com/*","*://*.kuwo.cn/*","*://*.ximalaya.com/*","*://*.zhihu.com/*","*://*.douyin.com/*","*://*.kuaishou.com/*","*://*.ixigua.com/*","*://*.youtube.com/*","*://47.99.158.118/*"],"merge_matches":true,"use_excludes":[],"orig_excludes":[],"merge_excludes":true,"use_connects":[],"orig_connects":["iesdouyin.com","47.99.158.118","api.typechrome.com","gitlab.com"],"merge_connects":true,"use_blockers":[],"orig_run_at":"document-idle","orig_noframes":null}},"settings":{"enabled":true,"position":17},"meta":{"name":"懒人工具箱","uuid":"8a9eb848-6c44-42ff-972c-6961805c54cf","modified":1718422918465,"file_url":"https://gitlab.com/lanhaha/lanrenjiaoben/-/raw/main/jx.user.js"}}