{"options":{"check_for_updates":true,"user_modified":null,"comment":null,"compatopts_for_requires":true,"compat_wrappedjsobject":false,"compat_metadata":false,"compat_foreach":false,"compat_powerful_this":null,"sandbox":null,"noframes":null,"unwrap":null,"run_at":null,"tab_types":null,"override":{"use_includes":[],"orig_includes":[],"merge_includes":true,"use_matches":[],"orig_matches":["*://pan.baidu.com/disk/home*","*://yun.baidu.com/disk/home*","*://pan.baidu.com/disk/main*","*://yun.baidu.com/disk/main*","*://pan.baidu.com/s/*","*://yun.baidu.com/s/*","*://pan.baidu.com/share/*","*://yun.baidu.com/share/*","*://www.aliyundrive.com/s/*","*://www.aliyundrive.com/drive*","*://www.alipan.com/s/*","*://www.alipan.com/drive*","*://cloud.189.cn/web/*","*://pan.xunlei.com/*","*://pan.quark.cn/*","*://yun.139.com/*","*://caiyun.139.com/*"],"merge_matches":true,"use_excludes":[],"orig_excludes":[],"merge_excludes":true,"use_connects":[],"orig_connects":["baidu.com","baidupcs.com","aliyundrive.com","alipan.com","189.cn","xunlei.com","quark.cn","youxiaohou.com","yun.139.com","caiyun.139.com","localhost","*"],"merge_connects":true,"use_blockers":[],"orig_run_at":"document-idle","orig_noframes":null}},"settings":{"enabled":true,"position":10},"meta":{"name":"网盘直链下载助手","uuid":"eeecd592-fa2c-4d73-9bef-3c1729ccbd6f","modified":1708456227030,"file_url":"https://update.greasyfork.org/scripts/436446/%E7%BD%91%E7%9B%98%E7%9B%B4%E9%93%BE%E4%B8%8B%E8%BD%BD%E5%8A%A9%E6%89%8B.user.js"}}