{"options":{"check_for_updates":true,"user_modified":null,"comment":null,"compatopts_for_requires":true,"compat_wrappedjsobject":false,"compat_metadata":false,"compat_foreach":false,"compat_powerful_this":null,"sandbox":"JavaScript","noframes":null,"unwrap":null,"run_at":null,"tab_types":null,"override":{"use_includes":[],"orig_includes":[],"merge_includes":true,"use_matches":[],"orig_matches":["*://*/*"],"merge_matches":true,"use_excludes":[],"orig_excludes":["https://*.taobao.com/*","https://*.tmall.com/*","https://*.1688.com/*","https://*.jd.com/*","https://*.vip.com/*","https://*.suning.com/*","https://*.aliexpress.com/*","https://*.paypal.com/*","https://*.iqiyi.com/*","https://*.youku.com/*","https://m.v.qq.com/*","https://v.qq.com/*","https://*.acfun.cn/*","https://*.bilibili.com/*","https://*.youtube.com/*","https://*.youtube-nocookie.com/*","https://*.cnki.net/*","https://mail.qq.com/*","https://weread.qq.com/*","https://*.weread.qq.com/*","https://www.qidian.com/chapter/*","https://bz.zzzmh.cn/*","https://wallhaven.cc/*","https://chrome.zzzmh.cn/*","https://*.guazi.com/*","https://*.liepin.com/*","https://*.58.com/*"],"merge_excludes":true,"use_connects":[],"orig_connects":["userscript.xiu2.xyz","userscript.h233.eu.org","bitbucket.org","js.cdn.haah.net","jsdelivr.b-cdn.net","raw.nuaa.cf","raw.yzuu.cf","raw.scholar.rr.nu","raw.kkgithub.com","raw.incept.pw","ghproxy.cc","ghproxy.net","mirror.ghproxy.com","gh-proxy.com","github.moeyy.xyz","jsd.onmicrosoft.cn","cdn.jsdelivr.us","gcore.jsdelivr.net","fastly.jsdelivr.net","raw.cachefly.998111.xyz","www.xuexiniu.com","bbs.xuexiniu.com","weili.ooopic.com","www.ykmh.com"],"merge_connects":true,"use_blockers":[],"orig_run_at":"document-end","orig_noframes":null}},"settings":{"enabled":false,"position":3},"meta":{"name":"自动无缝翻页","uuid":"aa694382-6c6e-46b5-aa4a-430c6614ee56","modified":1715762489568,"file_url":"https://update.greasyfork.org/scripts/419215/%E8%87%AA%E5%8A%A8%E6%97%A0%E7%BC%9D%E7%BF%BB%E9%A1%B5.user.js"}}