{"options":{"check_for_updates":true,"user_modified":null,"comment":null,"compatopts_for_requires":true,"compat_wrappedjsobject":false,"compat_metadata":false,"compat_foreach":false,"compat_powerful_this":null,"sandbox":null,"noframes":null,"unwrap":null,"run_at":null,"tab_types":null,"override":{"use_includes":[],"orig_includes":[],"merge_includes":true,"use_matches":[],"orig_matches":["*://*.huya.com/*"],"merge_matches":true,"use_excludes":[],"orig_excludes":[],"merge_excludes":true,"use_connects":["huya.com"],"orig_connects":[],"merge_connects":true,"use_blockers":[],"orig_run_at":"document-idle","orig_noframes":true}},"settings":{"enabled":false,"position":11},"meta":{"name":"虎牙Plus","uuid":"3783f45c-021a-4481-a5d4-358ce2133872","modified":1699183722522,"file_url":"https://greasyfork.org/scripts/402279-%E8%99%8E%E7%89%99plus/code/%E8%99%8E%E7%89%99Plus.user.js"}}