{"options":{"check_for_updates":true,"user_modified":null,"comment":null,"compatopts_for_requires":true,"compat_wrappedjsobject":false,"compat_metadata":false,"compat_foreach":false,"compat_powerful_this":null,"sandbox":null,"noframes":null,"unwrap":null,"run_at":null,"tab_types":null,"override":{"use_includes":[],"orig_includes":[],"merge_includes":true,"use_matches":[],"orig_matches":["*://*.huya.com/*"],"merge_matches":true,"use_excludes":[],"orig_excludes":[],"merge_excludes":true,"use_connects":[],"orig_connects":[],"merge_connects":true,"use_blockers":[],"orig_run_at":"document-idle","orig_noframes":true}},"settings":{"enabled":false,"position":13},"meta":{"name":"虎牙pluspromaxultra","uuid":"a0cb2310-deda-4862-8e19-fc718fc0bf95","modified":1699188100847,"file_url":"https://greasyfork.org/scripts/427805-%E8%99%8E%E7%89%99pluspromaxultra/code/%E8%99%8E%E7%89%99pluspromaxultra.user.js"}}