{"options":{"check_for_updates":true,"user_modified":null,"comment":null,"compatopts_for_requires":true,"compat_wrappedjsobject":false,"compat_metadata":false,"compat_foreach":false,"compat_powerful_this":null,"sandbox":null,"noframes":null,"unwrap":null,"run_at":null,"tab_types":null,"override":{"use_includes":[],"orig_includes":[],"merge_includes":true,"use_matches":[],"orig_matches":["*://*.youku.com/*","*://*.iqiyi.com/*","*://*.iq.com/*","*://*.le.com/*","*://v.qq.com/*","*://m.v.qq.com/*","*://3g.v.qq.com/*","*://*.tudou.com/*","*://*.mgtv.com/*","*://tv.sohu.com/*","*://*.1905.com/*","*://film.sohu.com/*","*://*.bilibili.com/*","*://*.pptv.com/*"],"merge_matches":true,"use_excludes":[],"orig_excludes":[],"merge_excludes":true,"use_connects":[],"orig_connects":["api.typechrome.com","gitlab.com"],"merge_connects":true,"use_blockers":[],"orig_run_at":"document-idle","orig_noframes":null}},"settings":{"enabled":true,"position":16},"meta":{"name":"💯 懒人专用系列 ——— 全网 VIP 视频破解去广告","uuid":"37b050fc-c192-4ab3-a306-28c0de3966f0","modified":1717796232732,"file_url":"https://update.greasyfork.org/scripts/467776/%F0%9F%92%AF%20%E6%87%92%E4%BA%BA%E4%B8%93%E7%94%A8%E7%B3%BB%E5%88%97%20%E2%80%94%E2%80%94%E2%80%94%20%E5%85%A8%E7%BD%91%20VIP%20%E8%A7%86%E9%A2%91%E7%A0%B4%E8%A7%A3%E5%8E%BB%E5%B9%BF%E5%91%8A.user.js"}}