{"options":{"check_for_updates":true,"user_modified":null,"comment":null,"compatopts_for_requires":true,"compat_wrappedjsobject":false,"compat_metadata":false,"compat_foreach":false,"compat_powerful_this":null,"sandbox":null,"noframes":null,"unwrap":null,"run_at":null,"tab_types":null,"override":{"use_includes":[],"orig_includes":[],"merge_includes":true,"use_matches":[],"orig_matches":["https://pan.baidu.com/*"],"merge_matches":true,"use_excludes":[],"orig_excludes":[],"merge_excludes":true,"use_connects":[],"orig_connects":["api.94speed.com"],"merge_connects":true,"use_blockers":[],"orig_run_at":"document-idle","orig_noframes":null}},"settings":{"enabled":true,"position":8},"meta":{"name":"🔥【就是加速】百度网盘无限速批量下载 - 支持文件夹下载 🔥","uuid":"8fd63eb7-e5d5-4455-89af-f34d7250b7ae","modified":1691075887736,"file_url":"https://greasyfork.org/scripts/463707-%E5%B0%B1%E6%98%AF%E5%8A%A0%E9%80%9F-%E7%99%BE%E5%BA%A6%E7%BD%91%E7%9B%98%E6%97%A0%E9%99%90%E9%80%9F%E6%89%B9%E9%87%8F%E4%B8%8B%E8%BD%BD-%E6%94%AF%E6%8C%81%E6%96%87%E4%BB%B6%E5%A4%B9%E4%B8%8B%E8%BD%BD/code/%F0%9F%94%A5%E3%80%90%E5%B0%B1%E6%98%AF%E5%8A%A0%E9%80%9F%E3%80%91%E7%99%BE%E5%BA%A6%E7%BD%91%E7%9B%98%E6%97%A0%E9%99%90%E9%80%9F%E6%89%B9%E9%87%8F%E4%B8%8B%E8%BD%BD%20-%20%E6%94%AF%E6%8C%81%E6%96%87%E4%BB%B6%E5%A4%B9%E4%B8%8B%E8%BD%BD%20%F0%9F%94%A5.user.js"}}